no,domain
893283,k-agent.ru
893357,iceplay.online
893361,fashionablehats.com
893372,everydaywear.net
893374,microban.com
893437,gctech.com
893447,segurosnews.com
893464,aquarium.zone
893539,imaa-institute.org
893542,darkghost.org.ua
893589,laseagrant.org
893605,karlkani.com
893655,oweb.com
893733,ikon-gallery.org
893763,mc-monitor.org
893782,travemuende-tourismus.de
893785,ferrero-kinder.cn
893805,albrookmall.com
893857,ipaymu.com
893885,alembika.com
893890,insidetag.co.uk
893909,casinomaxi3.net
893949,scatbb.com
894006,ramusa.org
894034,avocatura.com
894037,jannathalalfood.com
894138,orionem.com
894186,selfiemoscow.ru
894238,hillsborofreepress.com
894302,ebdgroup.com
894353,panamaenterprise.com
894362,avpvuurwerk.nl
894458,riani.com
894515,imt.ru
894581,sexforum.ws
894586,natoonline.org
894604,viima.com
894611,mtmnetwork.co.kr
894681,clinik.com
894829,aubet77aud.com
894839,wildjackcasino.com
894851,bycsno.com
894921,bbo.im
894950,pro-unity.com
895053,kian.trade
895065,salvatore.jp
895091,deepbox.swiss
895222,charitywishtree.kz
895230,zavio.com
895257,tfic.com
895304,glt.company
895326,usg.org.ua
895337,visaguidenow.com
895358,grupoei.com.mx
895388,playfortuna.life
895392,educationallyinspired.com
895449,fernandotorresprobikes.com
895504,cuetools.net
895528,arisusteel.com
895568,chicboutiqueconsignments.com
895594,imvnet.ch
895668,kreepsville666.com
895688,diggershotline.com
895705,carmatec.com
895729,universololsurprise.com
895774,sagit.cz
895807,unii.ac.jp
895813,airgain.com
895818,gesundheitsprodukte-vergleich.com
895886,iowabar.org
895911,poynt.com
895977,coronaforo.com
896013,ellison.com
896014,maxdistro.com
896064,eguiders.com
896086,mobilitycity.com
896143,why42.ru
896194,lovelockhair.jp
896256,aviator-juego.com
896272,won.com
896331,gambletroll.com
896351,lionindustrialsupply.com
896402,tigerstop.com
896467,stakedao.org
896477,lolo.gifts
896491,vulkanstars-onmoney.fun
896544,int.com
896567,willy-schneider.de
896590,herzberg-festival.com
896619,dnsmagix.com
896763,safran-nacelles.com
896792,notaminfo.com
896960,plinkocasino-cl.top
896977,ydzq.net
897014,nic-dns.com
897139,supacolor.com
897195,sb29.bzh
897342,travian.net
897348,pin-co-bet.org
897480,7d0770.sbs
897555,xtext.ru
897587,mered.ae
897710,wpeasycart.com
897743,hjarnfonden.se
897843,shigoto100.com
897907,nakipelo.ua
897914,connexio.ca
897978,minutesuites.com
898024,gettingitrightfirsttime.co.uk
898043,hdfilme-to.my
898147,rrcpryj.org
898190,beepleapp.eu
898331,auraque.com
898391,versatilweb.com
898434,southernstyle-offroad.com
898451,radrails.org
898537,naseej.com
898553,greatukpubs.co.uk
898559,scottportfolio.com
898589,tdrcs.com
898602,asrhost.com
898636,rarechromo.org
898750,goldenkatsu.com
898779,shopmosports.com
898800,amp-host.com
898849,cityfarmer.org
898918,roserealty.com.au
898994,anythinklibraries.org
898999,alxco.ru
899014,ev-private.school
899080,cotc.edu
899109,maibutni.com.ua
899114,mirhaenterprises.pk
899156,ledhue.com
899177,lrsd.net
899214,kiaaccessoryguide.com
899253,trafficgram.io
899289,rgsl.edu.lv
899391,tdmp.website
899433,telesson.net
899517,rizing.com
899534,upantique.com
899550,theyardmilkshakebar.com
899558,sendwyre.com
899565,martha-maria.de
899638,warnerprod.com
899652,dgaep.gov.pt
899678,rockpalace.ru
899689,miragecraft.net
899731,team1newport.com
899821,easymarket.by
899830,hdmomplay8.click
899859,thesentry.org
899936,3ctch.com
899972,cls-events.com
900003,f168.guide
900008,flowerpopular.com
900034,productdesignhub.com
900050,investpromo.gov.iq
900107,topcable.com
900139,cqtbi.edu.cn
900217,jquerycode.net
900294,adriennelandau.com
900310,toaglobal.com
900346,storl.de
900579,vargroup.it
900617,heinzmarketing.com
900759,uspbl.com
900872,nosincontournables.com
900876,s-p-d.ru
900973,falkirkfc.co.uk
901017,olxdunia.com
901179,elearner.net.au
901198,itm8.com
901269,gogowin.com
901282,luckpubapp.vip
901329,cityofcalabasas.com
901356,ijl.ca
901408,leyserkids.jp
901418,prohori.com
901536,arkadakazino.space
901556,lss-manager.de
901582,celebritywatchs.in
901593,ballthai.com
901733,parkerpalmsprings.com
901935,canadadrugsonlinevbyh.com
901958,playvulcan-club.co
901969,marqalicante.com
901971,savannahchamber.com
902062,coastalcottages.co.uk
902078,hbb.bz
902129,gahighwaysafety.org
902152,logilab.org
902195,ntsupply.com
902200,wms.com
902324,zibli.com
902370,financefueler.com
902404,msrwebs.com
902405,rhythms.ai
902444,diajdk3jul.com
902483,cyberstatic.net
902517,businessonlineindia.info
902544,bloghealthinsightdaily.com
902615,slottica.az
902740,techno-svyaz.ru
902749,dompe.it
902783,tropsaint.com
902845,getmedirectory.com
902862,relaxe.co
903006,kog.tw
903174,cncbote-maschinen.de
903212,freestoreapp.com
903259,abstartups.com.br
903348,wewilds.com
903419,comtrade.ua
903452,venclexta.com
903455,hugoooo.com
903476,exoshop.com
903512,topradar.ru
903584,smtrucker.ru
903591,leadliaison.com
903612,platinumshoecare.com
903639,armsofandes.com
903682,benelinx.nl
903684,chat-buddy.com
903731,dimdom.zp.ua
903758,scievice.com
903934,youlianzsdisplay.com
904015,journy.io
904034,europa-lkw.de
904092,bewise.dk
904193,fidelitytools.net
904258,lngprime.com
904265,aircraft-info.de
904266,channelasia.tech
904275,betsafe-1.com
904334,bgstatsapp.com
904350,betoholictrack.info
904376,tracking-status.com
904403,original-war.net
904427,westlan.ru
904537,aviator-indir.com
904552,healthsoothe.com
904579,adultgame.life
904625,otobo.org
904646,arctichealth.org
904670,webhit.net
904690,isrtb.com
904714,effi.org
904766,champion-online.info
904842,livegalerie.com
904898,storeautomator.com
904916,optica.de
904917,starstylewigs.co.uk
904923,jpgmonline.com
904934,gamestorming.com
904954,ftimes.ru
904981,barandrestaurantexpo.com
905016,newsinamerica.com
905027,hirefitness.co.uk
905043,mentalupiqtest.com
905063,compassionbehavioralhealth.com
905065,khorgosgateway.com
905096,kaufland-marktplatz.de
905105,spree-card.com
905136,xn----7sbhaldrafo0catmhegeecb4a9nme.xn--p1acf
905215,iordaniya-wonders.ru
905251,bookinbar.com
905295,prioritytoyotachesapeake.com
905367,johanpersson.nu
905443,svadba-vals.ru
905444,hordes.io
905447,detikgacor.com
905682,twilert.com
905697,aplikasimedia.com
905750,gtricks.com
905780,searchdefendernow.com
905811,endless-summer-nz.com
905813,t0p.casino
905836,peak.ag
905871,sdgun.com.cn
905945,euphoriafest.com
906010,nmhschool.org
906025,cdnimages1022.sbs
906047,autolandcarsofil.com
906056,korepi.com
906100,infotrans-logistic.ru
906121,plinkogiocoonline.it
906132,fly2pie.com
906185,stapew.today
906225,ruby-lib.com
906248,airmundo.com
906274,high-level.ru
906306,kr.fr
906352,soccerstreams.net
906354,packmage.com
906375,bano.pro
906384,healthpodcastnetwork.com
906391,asset-map.com
906401,deepmode.com
906478,webhost.ru
906497,gayadnetwork.com
906506,whitneymurphyfuneralhome.com
906583,3uu.net
906661,tharlizwa.com.au
906719,tel-kom.ru
906747,hosting.cz
906789,americasthriftsupply.com
906803,autosportinternational.com
906860,snefcu.net
906863,littlegiant.com
906888,banzhu9999999.com
906971,girafi.ru
907006,carserviceremote.com
907026,mfsafricamicroservices.com
907037,sportimex.com
907038,rememori.com
907187,dacar.ru
907299,fls.guru
907319,pisoton.net
907378,dekada.com
907449,uploadfox.net
907468,welovepantyhose.com
907488,teamforms.app
907490,twirpx.net
907505,lapland.fi
907525,theoutdoortoycentre.co.uk
907732,workstatus.io
907734,1tamilblasters.how
907739,meg7.net
907837,rflblast.ru
907864,poppy.bank
907884,legionfarm.com
907923,wifeosite.com
907945,classifiedadsubmissionservice.com
907999,boucherieus.com
908040,oneonline.it
908093,victoryarchery.com
908108,scnr.ch
908115,dordia.it
908147,captajitvadakayil.in
908183,poinsettiastyle.co.uk
908299,balewink.com
908374,sumitate.com.uy
908415,carsandcars.ca
908453,klubnaya-muzyka31.ru
908558,linz-airport.com
908589,wpcpa.com
908598,museum-barberini.de
908751,cinemon.de
908777,helmerinc.com
908800,artstreet.in
908835,forfatterweb.dk
908841,screenreader.net
908853,spill.chat
908938,motoconcess.fr
908949,mygeosource.com
908959,lyricszoo.com
909030,ropatallasgrandes.com
909034,askadamskutner.com
909050,bestbikesplit.com
909079,rideaucarletoncasino.com
909093,historickefondy.cz
909138,7-k-cazinoru1.ru
909144,linuxgsm.com
909199,stainless.com
909252,i-pusk.ru
909390,excitinggameroom.org
909468,thinkaction.com
909506,obermain.de
909592,araihellas.gr
909724,doitchannel.com
909764,tuttomilitare.it
909850,dveejok.com
909883,littleme.com.my
909944,berkshirepetpals.com
909988,caputoflour.com
910016,emotion.sh
910052,shoprustandco.com
910106,sharpfuneralhomes.com
910147,lotharjohn.de
910195,allaboutfrogs.org
910267,vetopia.com.hk
910280,withhive.me
910295,onlinesoft.com.br
910298,cloud-track.com
910334,dookinternational.com
910340,vds.com
910379,noakhalipedia.com
910422,vulcan-vegas.dance
910449,cs27.ru
910497,cmab.gov.hk
910503,meaction.net
910577,appliancecentre.co.uk
910588,globalist.org.ua
910654,ratakan.com
910701,interracial-dating-websites.com
910721,windx.com.br
910739,souparea.com
910842,playfortuna-kasino.one
910882,moncornerb.com
910948,karalydon.com
910958,northcoastfestival.com
910960,jonas-schuermann.name
911136,mosbrew.ru
911140,shin-ok.ru
911184,livedttv.com
911201,fivesecondtest.com
911203,cso-krokus.com.ua
911304,vulkan24cazino.click
911427,jm.cn
911477,marshallgoldsmith.com
911486,comobajardepesoya.com
911488,oyo.co.il
911574,nguyenhoang.cloud
911668,seon.com
911687,clinicalpharmacology-ip.com
911872,digitalcodingsoftware.com
911999,supdec.com
912080,oraki.ca
912107,proxon.us
912174,zealer.com
912178,constructive-voices.com
912270,hkcysonline.hk
912288,schwaller.net
912322,cornwall-beaches.co.uk
912343,anywise.net
912434,weir.net
912438,lwt.co.kr
912507,twagoda.com
912578,autostradale.it
912614,microglobe.co.uk
912725,vihreat.fi
912761,montenegro-estates.com
912777,xtv.media
912845,hmimultimedia.com
912918,communisis.com
912931,hostingdelsur.net
912941,oasys.co
912975,svenska-domaner.se
913008,strappedfortime.com
913019,streetfighterworld.net
913061,kxyxg.com
913089,thebabypenguin.com
913102,taxtools.com
913164,elethor.com
913202,ushistoryscene.com
913235,natuurkunde.nl
913241,isca-archive.org
913243,everest-telecom.com.br
913246,cialis742.us
913264,nic.blackfriday
913306,centerdata.nl
913311,l6o8p.top
913318,halvakids.ru
913331,kingbilly.com
913349,ffm.kr
913368,staypoland.com
913398,thetabsearch.com
913405,techgrow.cn
913480,crossdata.co.uk
913487,antforum.nl
913520,managementexchange.com
913522,barnsleyresort.com
913540,dellscholars.org
913554,datesportscasino.com
913575,madinbasket.com
913587,whatsonsale.com.pk
913748,kenalitv.com
913786,serverengage.com
913861,taxcollector.com
913953,phoneradar.com
913968,averypools.com
913984,energytransition.org
914020,leisurepoolsusa.com
914026,dreamcasa.com.br
914036,legaltorrents.com
914067,pamastrading.ro
914117,utg.uz
914161,ahkeracrew.fi
914221,boltburdonkemp.co.uk
914223,scv.org
914230,design-renew.com
914261,seymenkesebi.com
914306,bristan.com
914356,gici.computer
914358,irxybq.com
914362,mariobett.net
914393,shotcan.com
914406,medicaltechnologyschools.com
914502,super-chollos.com
914515,trattoria-oliva.com
914551,brosoft.net
914576,uic.fr
914639,maxflix.top
914671,yca.org
914675,koohomestore.com
914746,tool4spam.com
914756,tarpleymusic.com
914820,nu-api.com
914828,dreamboundcdn.com
914869,mogradesigns.com
914894,kosthost.com
914915,bmoldova.bz
914922,kyocare.com
914943,xcloud-events.com
915005,venusenvy.ca
915053,chproducts.com
915071,louismoinet.com
915194,artechcanada.com
915202,thechipboard.com
915242,chefconfeiteiro.com
915267,fetchrobotics.com
915290,laprimeenergie.fr
915294,maerz-network.de
915330,beautyboxkorea.com
915334,tweedvalleybikes.co.uk
915339,lifeofdad.com
915348,dasseti.com
915359,invisiblethingslab.com
915575,ipfkart.com
915586,ecoagricultor.com
915659,paribahis05.com
915704,festzelt-os.com
915708,rebdnt.co.uk
915806,chototbatdongsan.com
915868,alpsp.org
915903,verse.works
915923,chickasawbrand.com
915959,wps.de
916034,nesthotel.co.jp
916066,nfs-club.ru
916075,lyricslayers.com
916139,gmsdeluxe-1.net
916237,gaytorrent.tw
916238,sneeboer.com
916255,gwalls.app
916280,itc.gov.hk
916438,emersonhealth.org
916453,unitplus.eu
916550,littlecoffeefox.com
916571,opendomesday.org
916598,titanmissilemuseum.org
916599,laylatailorshop.com
916702,komodohealth.com
916713,open4u.co.uk
916726,barnesoysters.co.nz
916735,xn--18j883hg5l.xn--mk1bu44c
916754,nwfinancialcorp.com
916829,assona.com
916898,eyeuc.com
916930,wigdorlaw.com
916952,dgmnews.com
916989,esmuc.cat
916992,soft365.vn
916998,oovideos.com
917024,muziker.es
917028,donatelifeaz.org
917084,7k-casino-vip.ru
917087,1337time.com
917131,splunkdev.com
917140,pregabalma.top
917145,leonbetonline.in
917147,wallcontrol.com
917162,newsit.es
917240,lukin48.ru
917267,cloudrain.co.in
917268,lxhost.net
917395,nrg.ro
917422,albertocerriteno.com
917514,backupcenters.com
917610,diegorivera.com
917670,klanza.pl
917671,lookscanned.io
917775,ukwebserver.co.uk
917814,thestemlaboratory.com
917864,inmoves.nl
917872,petshops1.com
917873,easy-lay.com
917892,boehringer-ingelheim.jp
917895,koerber-pharma.com
917901,pacasino.com
917912,7ka.pro
917925,aveyron.cci.fr
917955,liderconsalt-team.ru
917960,versedvaper.com
918007,waterpolo.hu
918085,jethome.ru
918160,lawsoc-ni.org
918181,unchainedatlast.org
918224,altenforst.de
918227,gillware.com
918310,puertocoatzacoalcos.com.mx
918313,yjspic.top
918360,probenzo.com.ua
918540,dssinc.com
918547,619242.com
918714,rootcheck.tk
918823,bilymlynliberec.cz
918838,fhmzbih.gov.ba
918872,pnct.net
918893,dgim.de
918920,upela.com
918923,carpartas.com
918983,81583339.com
919009,leahneukirchen.org
919037,vulcanking.work
919098,lenspick.com
919147,bronnieware.com
919280,firepixel.com
919286,wurstimperium.net
919341,aromarti-cafe.ru
919367,usabestfakeid.com
919382,scisapp.com
919398,arte-lamp.ru
919432,dcci.ie
919467,tubreveespacio.com
919484,greenweb.org
919505,santabarbarafnl.com
919535,nuddmuckite.qpon
919555,booksarefun.com
919585,gamesandcomics.it
919667,mha.fi
919710,puregold.pk
919751,juhetec.com
919775,neteffectcorp.com
919826,euron.one
919843,herokles.co
919872,sfgenealogy.org
919874,marksfurnituredirect.com
919969,travelcostamesa.com
920092,infolitic.com
920101,grube-cloud.de
920102,dreamingtree.org
920122,gentlemenshardware.com
920179,araytech.com
920208,totalizator.pl
920304,cavedewittenberg.com
920310,starladder.com
920335,saee.gov.ua
920363,inari.pro
920395,gmaonline.org
920444,punto.com.ph
920463,dimeoptics.com
920499,crohnsandcolitis.com
920616,topdownloadcenterlive.com
920632,gradepowerlearning.com
920674,topexam.jp
920678,vavada.co
920718,international-chamber.co.uk
920724,avrobio.com
920765,insightstate.com
920790,flexapp360.com
920798,winearound.com
920858,safekeep.online
920863,todays-woman.net
920869,mess.org
921000,qbssoftware.com
921016,minata.cl
921035,ninjapizza.ru
921048,achahockey.org
921058,ilovegiffy.com
921074,capriccio-cafe.ru
921086,hv-service.ru
921168,scoap3.org
921212,houjin.info
921236,uptheir.co.uk
921240,swanbullion.com
921298,virtual-surveyor.com
921327,alternativetechs.com
921509,cinda.com.cn
921534,vtcrm.ru
921572,777empresa.bet
921593,stuff-money.ru
921638,kredor.com
921731,thevirtualsuperintendent.com
921754,syucu.edu.cn
921828,qrcd.org
921906,adobe.co.uk
921992,volusionpentest1.com
922068,victoriavr.com
922076,destination-yvelines.fr
922084,tabfolazsho.pro
922276,biznes-zaschita.ru
922321,cleansui.com
922330,interactio.io
922356,nak.systems
922368,clinicroyal.ru
922403,dossierpolitico.com
922453,canadacasinohub.com
922518,plugsuite.com
922536,domainservershosting.com
922541,biketek.cc
922609,luanvan123.info
922686,stuc-concurrent.nl
922716,pickett.co.uk
922735,5kat.com
922760,atobball.com
922761,usrccne.org
922781,futurebuild.co.uk
922785,mizcare.net
922810,cleverdude.com
922822,xjitv.com
922841,satlinker.dz
922847,avaland.online
922877,nichosting.sk
923067,stratodynamics.org
923118,nicc.edu
923129,iwhopodm.cn
923273,kena.com
923355,docomomo-us.org
923368,zxx.dk
923386,republicanpeak.com
923389,ikoleso.co
923461,mp-newsletter.ch
923476,smazka.ru
923539,deshovaya-apteka.ru
923541,campusfad.org
923604,advancednet.pl
923618,pinkypromisejo.com
923654,cepell.it
923802,metrtv.ru
923817,myfrugalhome.com
923819,zoella.co.uk
923823,hostgenies.com
923826,globe-net.net
923844,swingkingdom.com
923866,vadikebaplahmacun.com
923892,visitbucharest.today
923957,theorthoticgroup.com
924002,icertglobal.com
924046,thecrimepreventionwebsite.com
924067,sjcooling.cn
924096,switchison.org
924111,teatridisiena.it
924173,ravenconnected.com
924196,webnoise-webhosting.net
924200,teledyn.ru
924218,myfilingservices.com
924243,newgreektv.com
924347,eticsoft.com
924377,sbc28.com
924494,pinco-betting.org
924530,croud.com
924533,payperhost.com
924616,shakatime.com
924646,skiworldahrntal.it
924804,gislavedtires.ru
924895,tippvet.com
924932,postageapp.com
924940,unima.org
924997,39kf.com
925012,registermatrix.com
925048,gujinshici.com
925068,mochinut.com
925098,open-bio.org
925205,airborne-sys.com
925267,leistritz.com
925276,coworkingcafe.com
925293,presidential.com
925360,drofa-ventana.ru
925361,savoycasino.info
925374,kochenohne.de
925423,wiking.de
925521,ubiquitousconcepts.com
925535,inngeniuspms.com
925546,r-service.net
925763,chichester.co.uk
925815,pnab.it
925899,front-sci.com
925940,faelix.eu
925955,kentwildlifetrust.org.uk
925980,milcow.com
925991,odenfull.co
925997,investa.trade
926004,gardenofthegodsresort.com
926117,nutriciavoorjou.nl
926150,eboov.com
926316,cyotek.com
926459,fxtin.com
926502,foldandfray.com
926511,targetscan.org
926514,7k-casino83.ru
926517,sevenhost.cloud
926574,crmagnetics.com
926600,bentosandbox.com
926731,gamershop.hr
926809,linksafe.com.au
926827,serversiam.com
926943,zwirshortiprojects.nl
926975,fisiologiadelejercicio.com
926980,nikonprecision.com
927145,spicer.app
927152,ujpestfc.hu
927177,energie-lexikon.info
927191,vividmediany.com
927232,mobagent.com
927317,etecc.net
927323,stuzubi.de
927371,supertubeporn.com
927427,seacrestmarkets.io
927434,magiceraser.io
927510,boutiquebliss.com
927543,nation.ai
927584,jobuy.com
927635,calmlywriter.com
927636,sexyakutsk.red
927676,askoreply.com
927732,geocloudafrica.com
927757,hcifitness.com
927763,br.net
927896,autowise.dev
927934,wuensch-heinrich.eu
928001,exfuga.com
928038,airfilter-crossreference.com
928057,odinmfg.com
928060,dnsbox10.com
928074,linkbacol.space
928116,24wulcan-casino.com
928190,citramedika.com
928193,admantic.fr
928194,zoozbikes.com
928227,katjes.de
928268,quaily.com
928291,g-med.com
928293,mymidnite.com
928334,kimatel.fr
928378,hostgoods.com
928381,xxxclippies.com
928423,bridgeclassiccars.co.uk
928458,brightpointstudios.com
928474,hidcolouredclink.com
928478,a-dam.com
928488,texasrighttolife.com
928716,thefosteringnetwork.org.uk
928724,casinoperanaliz.com
928728,eu2020.de
928890,aomrc.org.uk
928919,indiabazaar.co.za
928935,8lee.ai
928948,iraqinquiry.org.uk
929044,feedhopenow.org
929048,getmorereviews.com
929076,cunmryquz.com
929101,unstore.com.np
929170,cubeecraft.com
929219,viaaghrix.com
929311,muv.com
929361,estage.site
929456,bobababy.co.uk
929540,ifrogtees.com
929649,swimmingcoach.org
929751,tassel.com
929817,cosmic-scans.com
929854,pentruromania.com
929875,shoplanadelrey.com
929886,adultadvocacycenters.org
929936,coretronic.com
929954,avelleassets.com
929955,forecaweather.com
929958,lovefrommim.com
930047,doveawards.com
930095,bethegamepro.com
930166,vsdelke.ru
930243,msigonline.co.id
930268,amertamedia.co.id
930280,conversationstartersworld.com
930295,kerchsm.com
930298,rushkar.com
930379,platousport.com
930409,pulse360.com
930455,freecovoiturage.fr
930477,codyjohnsonmusic.com
930524,beavermall.net
930563,onyxcookware.se
930590,social-sms.com
930596,zanearts.com
930599,jurnal-pariwisata.com
930655,banda-casinoo.ru
930659,9kbossmini.com
930683,fabricademilha.com
930708,mykinso.com
930736,spooning19.com
930752,arzex.io
930758,gname.vip
930826,scmagazineus.com
930964,ajantapharma.com
931042,logos-ktv.ru
931100,psychometrics.com
931104,e2g.com
931222,africallshop.com
931347,rooferscoffeeshop.com
931387,dnsfabulous.com
931499,philipwatch.net
931526,kea.dk
931580,farabinhost.ir
931590,legiplex.com
931606,wearemarketing.com
931675,iamagazine.com
931726,twiclips.com
931745,propertypanel.xyz
931839,gowildfire.com
931891,fossilfarms.com
931916,myibidder.com
931920,tatufoto.com
931944,brain-damage.co.uk
931987,ips-txt2pay.com
931989,suacidadaniaitaliana.com.br
932066,ifunplay.com
932153,walmartyrs.com
932154,dynamictechnomedicals.com
932217,lespresdeugenie.com
932246,bimradio.ru
932250,ehealth.gov.hk
932265,gortorgsnab.ru
932314,ledpanellights.com
932349,kmleon.be
932372,free.technology
932401,gg-cluster.com
932420,cannabiscup.com
932509,mootools.com
932513,waterscope.us
932520,plentyofperfumes.com
932540,wrestpoint.com.au
932699,estateagentsng.com
932745,brwn.loan
932858,chabadparkslope.com
932979,sanitaetshaus-brandschert.de
932996,tglaren.com
933093,dsj.de
933116,artstationcom.dev
933130,ivvpn.net
933140,nerus.com.br
933149,thaiphonecenter.com
933198,hybrid.co
933264,mostbet6040.ru
933328,diablomag.com
933403,tealife.co.jp
933404,myucu.net
933551,pechanga.info
933559,earthwisepet.com
933561,sahmri.org.au
933580,evs2.com
933586,privco.com
933612,tcjmy.cn
933629,vtenh.com
933734,planit.com
933736,inet2000.com
933760,cdnimages1726.sbs
933782,webofdebt.com
933839,tsxnews.com.cn
933879,gbit-gmbh.de
933914,tawbaware.com
933915,pagestrip.com
934043,primedefi.com
934046,aiwentu.net
934082,slystalloneshop.com
934165,arndt-fahrschule.de
934205,rkgshopping.in
934226,jornaldiadia.com.br
934236,bridgestoeurope.com
934281,gladdogsnation.com
934283,nn-now.ru
934353,vivitrol.com
